{
  "id": "",
  "name": "",
  "font_family": "iconfont",
  "css_prefix_text": "icon-",
  "description": "",
  "glyphs": [
    {
      "icon_id": "1002197",
      "name": "日历",
      "font_class": "rili",
      "unicode": "e602",
      "unicode_decimal": 58882
    },
    {
      "icon_id": "1013076",
      "name": "人",
      "font_class": "wo",
      "unicode": "e663",
      "unicode_decimal": 58979
    },
    {
      "icon_id": "3286995",
      "name": "上下",
      "font_class": "shangxia",
      "unicode": "e648",
      "unicode_decimal": 58952
    },
    {
      "icon_id": "5343847",
      "name": "国旗-01",
      "font_class": "flag-cn",
      "unicode": "e501",
      "unicode_decimal": 58625
    },
    {
      "icon_id": "6742309",
      "name": "微信",
      "font_class": "weixin",
      "unicode": "e686",
      "unicode_decimal": 59014
    },
    {
      "icon_id": "8124839",
      "name": "床",
      "font_class": "chuang",
      "unicode": "e60f",
      "unicode_decimal": 58895
    },
    {
      "icon_id": "8866301",
      "name": "元",
      "font_class": "yuan",
      "unicode": "e611",
      "unicode_decimal": 58897
    }
  ]
}
